{
    "title": "Global Immunoglobulin Market Dataset (2023\u20132030)",
    "source": "Next Move Strategy Consulting (https://www.nextmsc.com/report/immunoglobulin-market)",
    "description": "Market size estimates and CAGR values for the global immunoglobulin market, segmented by region from 2022\u20132030.",
    "created_at": "2025-11-10",
    "author": "Next Move Strategy Consulting - SEO Team",
    "license": "CC BY-NC-SA 4.0",
    "tags": [
        "healthcare",
        "immunology",
        "market-research",
        "plasma-derived-therapy",
        "dataset"
    ]
}